{"cameraMode":{"drawMode":0,"name":"Shaded","section":"Shading Mode"},"sceneLighting":true,"audioPlay":false,"sceneViewState":{"m_AlwaysRefresh":false,"showFog":true,"showSkybox":true,"showFlares":true,"showImageEffects":true,"showParticleSystems":true,"showVisualEffectGraphs":true,"m_FxEnabled":true},"in2DMode":false,"pivot":{"x":157.81527709960938,"y":95.88389587402344,"z":-0.56915283203125},"rotation":{"x":0.10033083707094193,"y":0.009244254790246487,"z":-0.00095263437833637,"w":0.9949508905410767},"size":167.59474182128907,"orthographic":true}