{"cameraMode":{"drawMode":0,"name":"Shaded","section":"Shading Mode"},"sceneLighting":true,"audioPlay":false,"sceneViewState":{"m_AlwaysRefresh":false,"showFog":true,"showSkybox":true,"showFlares":true,"showImageEffects":true,"showParticleSystems":true,"showVisualEffectGraphs":true,"m_FxEnabled":true},"in2DMode":false,"pivot":{"x":12.285901069641114,"y":10.993120193481446,"z":-9.623753547668457},"rotation":{"x":0.34095388650894167,"y":0.02001102641224861,"z":-0.007274704985320568,"w":0.9398784041404724},"size":7.932404518127441,"orthographic":true}